INSERT INTO room (room_type, price, capacity, img)
VALUES 
  ('簡約帳篷 | 草原步調', 12000, 5, '{"url": "/public/roomMorePage/room (26).png"}'),
  ('豪華帳棚 | 沉靜海洋', 15000, 5, '{"url": "/public/roomMorePage/room (13).jpg"}'),
  ('高級帳篷 | 島嶼蹤跡', 18000, 5, '{"url": "/public/roomMorePage/room (7).png"}'),
  ('圓球帳篷 | 夢幻星空', 20000, 5, '{"url": "/public/roomMorePage/room (1).jpeg"}');


INSERT INTO facility (
    facility_id,
    title,
    image,
    category,
    des,
    content,
    area,
    location,
    open_time,
    data_maintain,
    facility_id_name,
    facility_class_name,
    rule_others,
    remarks
  )
VALUES 
('1','夢幻瀑布','{"image1":"/images/facility_image_1.png"}','觀賞園區','結合燈光和水幕效果的瀑布設施，讓遊客感受流動的夢境。','融合燈光和水幕效果的獨特設施，讓您彷彿置身於流動的夢境中。水流在多彩燈光的照射下，變幻出無數迷人的光影。夜晚時分，夢幻瀑布更是展現出其神秘的魅力，燈光隨著音樂的節奏律動，水幕上投射出各種夢幻般的圖案和景象。','1','璀璨綠洲','09:00~17:30','2024/7/21 上午','view_fall','type_view','癲癇、對光線敏感、身心不舒服者。','設施內請勿飲食。體驗時請勿追逐、奔跑，以避免撞傷跌倒等危險發生。允許拍照但禁止使用閃光燈。'),
('2','光影迷宮','{"image1":"/images/facility_image_2.png"}','實境體驗','利用光影效果創造的迷宮，讓遊客在其中迷失和探索。','利用光影效果創造出錯綜複雜的迷宮，讓您在其中迷失並享受探索的樂趣。一進入迷宮，您便會被奇妙的光影變幻所吸引，牆壁上的燈光圖案隨著您的移動而改變，營造出神秘而奇幻的氛圍。每個轉角都可能帶來新的驚喜，或是一條看似通往出口的光明小徑，或是一片讓人困惑的光影迷霧。','1','璀璨綠洲','09:00~17:30','2024/5/6 上午','VR_maze','type_VR','心臟病、高血壓、孕婦、癲癇、脊椎/頸首部問題、骨質疏鬆症者、容易暈車暈船、身心不舒服者。','另有等候區可容納30人．設施內請勿飲食。體驗時請勿拍打玻璃、追逐及奔跑，以避免撞傷跌倒等危險發生。允許拍照但禁止使用閃光燈。'),
('3','閃耀花園','{"image1":"/images/facility_image_3.png"}','觀賞園區','充滿色彩斑斕花卉和燈光效果的花園，提供放鬆的氛圍。','白天，花園中盛開著各式各樣的鮮花，散發出迷人的香氣，營造出寧靜而愉悅的氛圍。當夜幕降臨，花園搖身一變，花卉在燈光的照射下，呈現出夢幻般的色彩變化，每一朵花都像是在閃耀著自己的光芒。燈光隨著微風輕輕搖曳，宛如進入了一個奇幻的花之國度。','1','璀璨綠洲','09:00~17:30','2024/8/7 上午','view_garden','type_view','癲癇、對光線敏感、身心不舒服者。','設施內請勿飲食。體驗時請勿追逐、奔跑，以避免撞傷跌倒等危險發生。允許拍照但禁止使用閃光燈。'),
('4','幻光森林','{"image1":"/images/facility_image_4.png"}','觀賞園區','充滿發光植物和迷幻燈光效果的森林，遊客可以在這裡享受奇幻的夜間景觀。','整片森林中充滿了發光植物和迷幻燈光效果。當夜幕降臨，森林裡的每一株植物都開始散發出柔和的光芒，形成一幅如夢似幻的畫面，漫步在這片奇幻的森林中，仿佛置身於童話世界。夜間光影秀另有提供專業攝影師進行拍照留念，歡迎選購紀念照片。','1','璀璨綠洲','09:00~17:30','2024/4/12 下午','view_forest','type_view','癲癇、對光線敏感、身心不舒服者。','設施內請勿飲食。體驗時請勿追逐、奔跑，以避免撞傷跌倒等危險發生。允許拍照但禁止使用閃光燈。'),
('5','星空餐廳','{"image1":"/images/facility_image_5.png"}','飲食購物','提供國際美食，內部裝飾有星空天花板，營造夢幻氛圍。','餐廳內部裝飾有絢麗的星空天花板，燈光璀璨，營造出如夢似幻的用餐氛圍。在這裡，您可以享受到來自世界各地的美味佳餚，每一道菜品都由經驗豐富的廚師精心烹製，保證風味獨特，口感絕佳。','1','璀璨綠洲','11:00~21:30','每日清潔維護','shop_restaurant_sky','type_shop','無其他限制','另有獨立宴會廳可容納50人'),
('6','夢境咖啡廳','{"image1":"/images/facility_image_6.png"}','飲食購物','充滿夢幻元素的咖啡廳，環境舒適，提供手工咖啡和甜點。','咖啡廳的內部設計如夢似幻，柔和的燈光、精美的裝飾和舒適的座椅，為您營造出一個完美的休憩空間。在這裡，每一個角落都散發著溫馨和夢幻的氣息，讓您一踏入便仿佛進入了一個夢境世界，忘卻外界的喧囂與忙碌。','1','璀璨綠洲','11:00~21:30','每日清潔維護','shop_cafe_dream','type_shop','無其他限制','無'),
('7','海洋探險','{"image1":"/images/facility_image_7.png"}','表演劇場','模擬海洋探險的設施，讓遊客探索海底世界的奇觀。','只要戴上3D眼鏡及坐上動感座椅，透過涼感技術、環繞音效和風吹所帶來的體感特效，以及先進的科技互動技術，搭配智慧型手機連結，紀錄每人所在座位，偵測肢體動作給予相對觸覺體驗，彷彿身歷其境，位於海洋深處進行探險。結合最新體感以及互動兩大元素，精心打造數位互動體感劇院。','2','嗨唷洋外','09:00~17:30','2024/9/5 下午','theater_sea','type_theater','心臟病、高血壓、孕婦、身心不舒服者。','搭乘設施，請勿飲食，禁止拍照。'),
('8','海底隧道','{"image1":"/images/facility_image_8.png"}','觀賞園區','透明的海底隧道，讓遊客可以近距離觀賞海洋生物和水下景觀。','乘坐透明的海底列車，您將被包圍在美麗的珊瑚礁和各種色彩斑斕的海洋生物之中。隨著列車緩緩前行，您將近距離觀賞到海龜、熱帶魚和其他海洋生物的優雅游姿，彷彿置身於一片廣闊的水下花園。透過列車的全景玻璃窗，海洋的壯麗景色盡收眼底，帶給您前所未有的視覺享受。','2','嗨唷洋外','09:00~17:30','2024/2/27 上午','view_sea_tunnel','type_view','心臟病、高血壓、孕婦、容易暈車暈船、身心不舒服者。','設施內請勿飲食。體驗時請勿追逐、奔跑，以避免撞傷跌倒等危險發生。允許拍照但禁止使用閃光燈。'),
('9','彩虹飛龍','{"image1":"/images/facility_image_9.png"}','遊樂設施','高空彈跳中跳下懸崖，可以欣賞台灣海峽的美景。','在專業工作人員的引導下，穿著安全設施站上高空平台，在最佳高度俯瞰整片台灣海峽，隨後一躍而下，體驗重力加速度的快感及刺激感受，絕對是令您一生難忘的體驗。此精彩體驗令提供全程紀錄片拍攝服務，歡迎選購獨一無二、充滿紀念價值的紀錄影片。','2','嗨唷洋外','09:00~17:30','2024/6/18 上午','facility_rainbow','type_facility','體重低於 50kg 或高於 100kg 者，心臟病、高血壓、孕婦、癲癇、脊椎/頸首部問題、骨質疏鬆症者、容易暈車暈船、身心不舒服者、65歲以上長者、裝有義肢者。','地面觀賞區可容納100人，搭乘設施，請勿飲食；易掉落物品不可攜帶搭乘。'),
('10','珊瑚礁之旅','{"image1":"/images/facility_image_10.png"}','實境體驗','利用現代虛擬實境的科技，讓人彷彿身歷其境。','一進入體驗區，您便會被逼真的海底世界所包圍，仿佛置身於蔚藍的深海之中。特殊的4D效果讓您感受到水流的輕柔撫觸和海洋生物的親近。隨著虛擬潛水的展開，五彩斑斕的珊瑚礁、悠遊自在的熱帶魚、優雅的海龜和神秘的海洋生物將一一呈現在您的眼前。','2','嗨唷洋外','09:00~17:30','2024/3/7 下午','VR_coral','type_VR','心臟病、孕婦、癲癇、視力疾病者、容易暈車暈船、身心不舒服者。','設施內請勿飲食。體驗時請勿追逐、奔跑，以避免撞傷跌倒等危險發生。允許拍照但禁止使用閃光燈。'),
('11','海洋美饌','{"image1":"/images/facility_image_11.png"}','飲食購物','專注於海鮮料理的餐廳，結合海洋主題設計。','餐廳內部裝潢以海洋元素為靈感，藍色的燈光和流動的水紋讓您彷彿置身於海底世界，牆壁上裝飾著栩栩如生的海洋生物壁畫，仿佛海洋中的一景一物都被搬到了您的眼前。柔和的燈光和精心設計的座位安排，營造出一個溫馨而富有情調的用餐環境，讓您在這裡享受一段美好的時光，讓您在美食的同時，體驗海洋的奇妙與美麗。','2','嗨唷洋外','11:00~21:30','每日清潔維護','shop_restaurant_sea','type_shop','無其他限制','無'),
('12','激流勇進','{"image1":"/images/facility_image_12.png"}','遊樂設施','刺激的水上激流設施，體驗水上漂流的快感。','目前國內最長的人工泛舟河道，水道全長七百五十公尺，每艘圓型橡膠船可乘坐二至五人，全程約十分鐘。沿途可以欣賞失落小島獨特的風景，途中有激流、奇岩怪石，每個彎曲處，都可能是冒險旅程的開端，充滿著驚喜與趣味，還有隨時會被水砲攻擊的驚險時刻。','3','失落小島','09:00~17:30','2024/7/5 上午','facility_river','type_facility','心臟病、高血壓、孕婦、癲癇、脊椎/頸首部問題、容易暈車暈船、65歲以上長者、身心不舒服者','視個人需求穿著救生衣；搭乘設施，請勿飲食；請勿赤腳搭乘設施。'),
('13','飛行塔','{"image1":"/images/facility_image_13.png"}','遊樂設施','高空旋轉塔，真實體驗飛翔的感覺。','坐上飛行塔的座椅，隨著塔身緩緩升起，旋轉的速度逐漸加快，將感受到一種前所未有的自由與刺激。從高空俯瞰，整個遊樂園的美景盡收眼底，彷彿置身於雲端，欣賞著如畫的景色。','3','失落小島','09:00~17:30','2024/2/19 上午','facility_sky_tower','type_facility','心臟病、高血壓、孕婦、癲癇、脊椎/頸首部問題、骨質疏鬆症者、容易暈車暈船、身心不舒服者、65歲以上長者、裝有義肢者。','搭乘設施，請勿飲食；易掉落物品不可攜帶搭乘。'),
('14','旋轉木馬','{"image1":"/images/facility_image_14.png"}','遊樂設施','童年回憶中的旋轉木馬，適合各年齡段的遊客。','在失落小島中，竟然存在夢幻、充滿童年回憶的旋轉木馬，您可以釋放壓力、回到童年，您永遠是自己的小公主、小王子，乘著白馬輕鬆遨遊在失落小島中，觀賞、巡視各角落的景觀。仔細找找，您還會發現有大象、長頸鹿、孔雀等各類可愛的動物喔！','3','失落小島','09:00~17:30','2024/9/20 下午','facility_carousel','type_facility','容易暈車暈船、身心不舒服者。','搭乘設施，請勿飲食。'),
('15','雲霄飛車','{"image1":"/images/facility_image_15.png"}','遊樂設施','高速、驚險的雲霄飛車，體驗刺激與快感。','每次可乘坐30人，軌道全長190公尺，最大落差達56公尺，瞬間最高時速122公里，在1分30秒的歷程中您將兩腳懸空、以360度螺旋沖天、90度垂直俯衝急速下降，驚嚇的程度絕對讓你頭皮發麻、冷汗直流。','3','失落小島','09:00~17:30','2024/4/3 上午','facility_roller_coaster','type_facility','心臟病、高血壓、孕婦、癲癇、脊椎/頸首部問題、骨質疏鬆症者、容易暈車暈船、身心不舒服者、65歲以上長者、裝有義肢者。','搭乘設施，請勿飲食；易掉落物品不可攜帶搭乘。'),
('16','摩天輪','{"image1":"/images/facility_image_16.png"}','遊樂設施','遊樂園的經典設施，提供俯瞰整個樂園的絕佳視角。','透明景觀冷氣車廂，讓你輕鬆舒適眺望失落小鎮美景，到制高點時，可以將整座迷樣島嶼一覽無遺，每座車廂可容納8人，搭乘一圈約為18分鐘，夜間128種炫麗燈光秀，在摩天輪上，將美麗景致盡收眼底。','3','失落小島','09:00~17:30','2024/6/25 下午','facility_wheel','type_facility','心臟病、高血壓、孕婦、癲癇、脊椎/頸首部問題、骨質疏鬆症者、容易暈車暈船、身心不舒服者、65歲以上長者、裝有義肢者。','搭乘設施，請勿飲食；易掉落物品不可攜帶搭乘。'),
('17','光影咖啡廳','{"image1":"/images/facility_image_17.png"}','飲食購物','利用燈光和陰影創造獨特氛圍的咖啡廳。','光影咖啡廳是一個利用燈光和陰影創造出獨特氛圍的咖啡廳，讓您在享受美味餐點的同時，感受藝術與創意的完美結合。走進咖啡廳，您會被瞬間被周圍的氣氛吸引，室內設計充滿奇幻元素，燈光與陰影的變幻交織，營造出一個如夢似幻的休閒空間，讓您彷彿進入奇異且夢幻的異世界空間。','3','失落小島','11:00~21:30','每日清潔維護','shop_cafe_light','type_shop','無其他限制','無'),
('18','迷幻酒吧','{"image1":"/images/facility_image_18.png"}','飲食購物','提供創意雞尾酒和精釀啤酒，氛圍迷幻。','迷幻酒吧提供各種獨特的創意雞尾酒和精釀啤酒，是您體驗獨特創意雞尾酒和精釀啤酒的夢幻樂園。我們的酒吧以其迷幻的氛圍和創新的飲品設計著稱，是您放鬆和享受夜晚的理想場所。','4','中島','11:00-23:30','每日清潔維護','shop_bar','type_shop','無其他限制','無'),
('19','廁所','{"image1":"/images/facility_image_19.png"}','廁所','提供乾淨的公共廁所設施。','廁所設計現代，內部整潔乾淨，定期有專業清潔人員維護，確保衛生環境，讓您在遊園過程中保持清潔和舒適。每個廁所區域均設有無障礙設施，為行動不便的遊客提供便利。','4','中島','09:00~24:00','每日清潔維護','toilet','type_toilet','無其他限制','無'),
('20','遊客中心','{"image1":"/images/facility_image_20.webp"}','遊客中心','提供遊園訊息和諮詢服務。','遊客中心內設有舒適的休息區和自助資訊亭，方便您隨時獲取最新的遊園訊息，我們還提供失物招領、嬰兒推車租借和緊急聯絡等多項服務，確保您的放鬆之旅無憂無慮。無論您有任何問題或需求，歡迎隨時前來遊客中心諮詢。','4','中島','09:00~20:00','每日清潔維護','visitor_center','type_visitor_center','無其他限制','無'),
('21','異域市集','{"image1":"/images/facility_image_21.png"}','飲食購物','販賣遊樂園周邊商品和紀念品。','市集中擺滿了各式各樣的商品，包括特色紀念品、限量版收藏品、玩具、特殊服裝和居家裝飾，每一件商品都充滿了迷樣島嶼的獨特風情及特色。無論是為自己挑選一份特別的紀念品，還是為親友帶回珍貴的禮物，您都能在這裡找到最滿意的選擇。','5','出入口','09:00~17:30','每日清潔維護','shop_shopping','type_shop','無其他限制','無'),
('22','港口','{"image1":"/images/facility_image_22.png"}','港口','提供免費的港口接送服務，現場提供行李寄存、休息區及專業的接待團隊。','郵輪設施齊全，確保每一位遊客都能舒適、便捷地抵達遊樂園，也能舒適、安全返家，讓您的旅途從起點到終點，都充滿樂趣和放鬆，並且都能有安全、舒適的體驗。','5','出入口','08:00~20:00','每日清潔維護','port','type_port','無其他限制','無'),
('23','售票區','{"image1":"/images/facility_image_23.webp"}','售票區','提供現場購票和諮詢服務。','這裡是您夢幻旅程的起點，我們設置在迷樣島嶼入口處，方便您輕鬆、立即購買票卷，我們提供多語言服務，確保來自世界各地的您都能順利購票、展開一趟難忘的奇妙旅程。售票口也設有迷樣島嶼地圖、提供諮詢服務及寵物寄放區，期待能滿足您在迷樣島嶼的各種需求。','5','出入口','08:00~20:00','每日清潔維護','ticket_center','type_ticket_center','無其他限制','無'),
('24','醫護站','{"image1":"/images/facility_image_24.webp"}','醫護站','提供諮詢及急救服務。','醫護站為迷樣島嶼內有需要的遊客提供緊急醫療服務和健康保障，醫護站內環境舒適、整潔，設有休息區和藥品供應點，方便遊客在需要時得到適當的處理及照護。我們的目標是讓每一位遊客都能安心享受遊樂園的美好時光，無需擔心健康問題。','5','出入口','09:00~20:00','每日清潔維護','medical_station','type_medical','無其他限制','無'),
('25','遊園車站牌-島嶼入口','{"image1":"/images/facility_image_25.png"}','遊園車站牌','提供遊園車完整導覽迷樣島嶼，整個園區共有六個站點供您使用。','遊園車以環保電動車輛為主，讓您在遊覽迷樣島嶼時，也能為環保出一份力，車廂內設有舒適的座椅和寬敞的空間，並提供語音導覽服務，介紹沿途設施的特色和故事。每個站牌都設有完整時刻表，利於您彈性安排行程，體驗最完整的迷樣旅程。','5','出入口','09:10~22:00','每日清潔維護','bus_station_enter','type_bus','無其他限制','無'),
('26','遊園車站牌-璀璨綠洲','{"image1":"/images/facility_image_25.png"}','遊園車站牌','提供遊園車完整導覽迷樣島嶼，整個園區共有六個站點供您使用。','遊園車以環保電動車輛為主，讓您在遊覽迷樣島嶼時，也能為環保出一份力，車廂內設有舒適的座椅和寬敞的空間，並提供語音導覽服務，介紹沿途設施的特色和故事。每個站牌都設有完整時刻表，利於您彈性安排行程，體驗最完整的迷樣旅程。','1','璀璨綠洲','09:10~22:00','每日清潔維護','bus_station_oasis','type_bus','無其他限制','無'),
('27','遊園車站牌-嗨游洋外','{"image1":"/images/facility_image_25.png"}','遊園車站牌','提供遊園車完整導覽迷樣島嶼，整個園區共有六個站點供您使用。','遊園車以環保電動車輛為主，讓您在遊覽迷樣島嶼時，也能為環保出一份力，車廂內設有舒適的座椅和寬敞的空間，並提供語音導覽服務，介紹沿途設施的特色和故事。每個站牌都設有完整時刻表，利於您彈性安排行程，體驗最完整的迷樣旅程。','2','嗨唷洋外','09:10~22:00','每日清潔維護','bus_station_high','type_bus','無其他限制','無'),
('28','遊園車站牌-失落小島','{"image1":"/images/facility_image_25.png"}','遊園車站牌','提供遊園車完整導覽迷樣島嶼，整個園區共有六個站點供您使用。','遊園車以環保電動車輛為主，讓您在遊覽迷樣島嶼時，也能為環保出一份力，車廂內設有舒適的座椅和寬敞的空間，並提供語音導覽服務，介紹沿途設施的特色和故事。每個站牌都設有完整時刻表，利於您彈性安排行程，體驗最完整的迷樣旅程。','3','失落小島','09:10~22:00','每日清潔維護','bus_station_lost','type_bus','無其他限制','無'),
('29','遊園車站牌-露營區','{"image1":"/images/facility_image_25.png"}','遊園車站牌','提供遊園車完整導覽迷樣島嶼，整個園區共有六個站點供您使用。','遊園車以環保電動車輛為主，讓您在遊覽迷樣島嶼時，也能為環保出一份力，車廂內設有舒適的座椅和寬敞的空間，並提供語音導覽服務，介紹沿途設施的特色和故事。每個站牌都設有完整時刻表，利於您彈性安排行程，體驗最完整的迷樣旅程。','6','露營區','09:10~22:00','每日清潔維護','bus_station_room','type_bus','無其他限制','無'),
('30','遊園車站牌-遊客中心','{"image1":"/images/facility_image_25.png"}','遊園車站牌','提供遊園車完整導覽迷樣島嶼，整個園區共有六個站點供您使用。','遊園車以環保電動車輛為主，讓您在遊覽迷樣島嶼時，也能為環保出一份力，車廂內設有舒適的座椅和寬敞的空間，並提供語音導覽服務，介紹沿途設施的特色和故事。每個站牌都設有完整時刻表，利於您彈性安排行程，體驗最完整的迷樣旅程。','4','中島','09:10~22:00','每日清潔維護','bus_station_visitor_center','type_bus','無其他限制','無'),
('31','住宿服務區','{"image1":"/images/facility_image_31.png"}','露營區','提供所有有關露營的訊息、諮詢服務。','無論是入住草原住宿區、森林小築區還是海濱度假區，我們的專業團隊都將竭誠為您提供最優質的服務。我們還提供遊園資訊、活動推薦以及各類設施的介紹服務，旨在確保每一位遊客都能享受到無憂無慮的假期，讓您在我們的迷樣島嶼中度過一段愉快且難忘的時光。','6','露營區','8:00~24:00','每日清潔維護','room_center','type_room','無其他限制','無'),
('32','夢幻星空','{"image1":"/images/facility_image_32.jpeg"}','露營區','圓球帳篷，仰望星空，倚看穹頂晨曦與夜色星空','圓球帳篷是觀星愛好者的天堂。透明的穹頂設計讓您可以舒適地躺在床上，欣賞璀璨的星空。白天，您可以欣賞全景的自然風光；夜晚，則可以在溫暖的被窩中數星星。','6','露營區','8:00~24:00','每日清潔維護','room_grassland','type_room','無其他限制','無'),
('33','草原步調','{"image1":"/images/facility_image_33.png"}','露營區','簡約帳篷，擁抱自然簡約風，享受寧靜草原夜景。','簡約帳篷位於寬闊的草原上，讓您親近大自然，享受寧靜的時光。帳篷內部簡約舒適，配備必要的現代化設施，為您提供舒適的住宿體驗。','6','露營區','8:00~24:00','每日清潔維護','room_forest','type_room','無其他限制','無'),
('34','沉靜海洋','{"image1":"/images/facility_image_34.jpg"}','露營區','豪華帳棚，聆聽海浪聲，感受奢華露營體驗','豪華帳棚坐落於海岸線附近，為您帶來奢華的海濱露營體驗。寬敞的內部空間配備高級設施，讓您在舒適中欣賞壯麗的海景。您可以在私人露台上觀賞日出日落，聆聽海浪的韻律，享受無與倫比的寧靜與奢華。','6','露營區','8:00~24:00','每日清潔維護','room_lake','type_room','無其他限制','無');


INSERT INTO ticket (ticket_id, type, price, img)
VALUES 
(1, 'VIP票', 5000, '{"image":"/00myIcon/ticket.png"}'),
(2, '標準票', 2000, '{"image":"/00myIcon/ticket.png"}');


INSERT INTO more_about (more_about_id, more_link, facility_id, img)
VALUES 
(1, '/restaurantpage/pagination/1', 5, NULL),
(2, '/restaurantpage/pagination/2', 6, NULL),
(3, '/restaurantpage/pagination/3', 11, NULL),
(4, '/restaurantpage/pagination/4', 17, NULL),
(6, '/restaurantpage/pagination/5', 18, NULL),
(7, '/restaurantpage/pagination/6', 21, NULL),
(8, '/room/roomMorePage', 31, NULL),
(9, '/room/roomMorePage#starrydome', 32, NULL),
(10, '/room/roomMorePage#grasstempo', 33, NULL),
(11, '/room/roomMorePage#oceanserenity', 34, NULL);

INSERT INTO facility_rule (facility_rule_id, facility_id, rule_type, rule_value)
VALUES 
(1, 1, 'rule_height', '無身高限制'),
(2, 1, 'rule_excitement', '1'),
(3, 1, 'rule_seat', '100'),
(4, 2, 'rule_height', '無身高限制'),
(5, 2, 'rule_excitement', '2'),
(6, 2, 'rule_seat', '100'),
(7, 3, 'rule_height', '無身高限制'),
(8, 3, 'rule_excitement', '1'),
(9, 3, 'rule_seat', '100'),
(10, 4, 'rule_height', '無身高限制'),
(11, 4, 'rule_excitement', '1'),
(12, 4, 'rule_seat', '100'),
(13, 5, 'rule_height', '無身高限制'),
(14, 5, 'rule_seat', '100'),
(15, 6, 'rule_height', '無身高限制'),
(16, 6, 'rule_seat', '100'),
(17, 7, 'rule_height', '140~200cm'),
(18, 7, 'rule_excitement', '2'),
(19, 7, 'rule_seat', '100'),
(20, 8, 'rule_height', '無身高限制'),
(21, 8, 'rule_excitement', '1'),
(22, 8, 'rule_seat', '100'),
(23, 9, 'rule_height', '150~190cm'),
(24, 9, 'rule_excitement', '3'),
(25, 9, 'rule_seat', '10'),
(26, 10, 'rule_height', '90~185cm'),
(27, 10, 'rule_excitement', '2'),
(28, 10, 'rule_seat', '40'),
(29, 11, 'rule_height', '無身高限制'),
(30, 11, 'rule_seat', '100'),
(31, 12, 'rule_height', '110~200cm'),
(32, 12, 'rule_excitement', '2'),
(33, 12, 'rule_seat', '45'),
(34, 13, 'rule_height', '140~190cm'),
(35, 13, 'rule_excitement', '3'),
(36, 13, 'rule_seat', '20'),
(37, 14, 'rule_height', '0~200cm'),
(38, 14, 'rule_excitement', '1'),
(39, 14, 'rule_seat', '20'),
(40, 15, 'rule_height', '140~190cm'),
(41, 15, 'rule_excitement', '3'),
(42, 15, 'rule_seat', '30'),
(43, 16, 'rule_height', '0~200cm'),
(44, 16, 'rule_excitement', '1'),
(45, 16, 'rule_seat', '80'),
(46, 17, 'rule_height', '無身高限制'),
(47, 17, 'rule_seat', '100'),
(48, 18, 'rule_height', '無身高限制'),
(49, 18, 'rule_seat', '50');